{
    "Annelida_Annelida_Annelida": {
        "precision": 0.5714285714285714,
        "recall": 0.7741935483870968,
        "specificity": 0.8021978021978022
    },
    "Arthropoda_Arachnida_Acari": {
        "precision": 0.8032786885245902,
        "recall": 0.550561797752809,
        "specificity": 0.6363636363636364
    },
    "Arthropoda_Arachnida_Araneae": {
        "precision": 0.9423076923076923,
        "recall": 0.8521739130434782,
        "specificity": 0.14285714285714285
    },
    "Arthropoda_Arachnida_Opilioacarida": {
        "precision": 1.0,
        "recall": 0.0,
        "specificity": 1.0
    },
    "Arthropoda_Arachnida_Opiliones": {
        "precision": 0.75,
        "recall": 0.12,
        "specificity": 0.9722222222222222
    },
    "Arthropoda_Collembola_Collembola": {
        "precision": 0.7012987012987013,
        "recall": 0.72,
        "specificity": 0.5106382978723404
    },
    "Arthropoda_Insecta_Blattodea": {
        "precision": 0.7407407407407407,
        "recall": 0.4878048780487805,
        "specificity": 0.9135802469135802
    },
    "Arthropoda_Insecta_Coleoptera": {
        "precision": 0.9340659340659341,
        "recall": 0.7522123893805309,
        "specificity": 0.3333333333333333
    },
    "Arthropoda_Insecta_Diptera": {
        "precision": 0.9545454545454546,
        "recall": 0.9051724137931034,
        "specificity": 0.16666666666666666
    },
    "Arthropoda_Insecta_Hemiptera": {
        "precision": 0.5423728813559322,
        "recall": 0.64,
        "specificity": 0.625
    },
    "Arthropoda_Insecta_Hymenoptera": {
        "precision": 0.984375,
        "recall": 0.5294117647058824,
        "specificity": 0.6666666666666666
    },
    "Arthropoda_Insecta_Lepidoptera": {
        "precision": 0.2289156626506024,
        "recall": 0.9047619047619048,
        "specificity": 0.36633663366336633
    },
    "Arthropoda_Insecta_Orthoptera": {
        "precision": 0.8111111111111111,
        "recall": 0.9012345679012346,
        "specificity": 0.5853658536585366
    },
    "Arthropoda_Insecta_Zygentoma": {
        "precision": 1.0,
        "recall": 0.0,
        "specificity": 1.0
    },
    "Arthropoda_Malacostraca_Isopoda": {
        "precision": 0.9090909090909091,
        "recall": 0.6666666666666666,
        "specificity": 0.9782608695652174
    },
    "Arthropoda_Myriapoda_Myriapoda": {
        "precision": 0.8275862068965517,
        "recall": 0.3333333333333333,
        "specificity": 0.9
    },
    "Mollusca_Gastropoda_Gastropoda": {
        "precision": 0.717948717948718,
        "recall": 0.5490196078431373,
        "specificity": 0.8450704225352113
    }
}